test_file,true_label,pred_label,top1_label,top1_dtw,top2_label,top2_dtw,note
bat_04.wav,bat,bat,bat,0.0,tat,35.904,dữ liệu thật: test trùng byte với template (leakage)
bat_05.wav,bat,bat,bat,0.0,tat,35.904,dữ liệu thật: test trùng byte với template (leakage)
tat_04.wav,tat,tat,tat,0.0,phai,34.0037,dữ liệu thật: test trùng byte với template (leakage)
tat_05.wav,tat,tat,tat,0.0,phai,34.0037,dữ liệu thật: test trùng byte với template (leakage)
len_04.wav,len,len,len,0.0,dung,31.5343,dữ liệu thật: test trùng byte với template (leakage)
len_05.wav,len,len,len,0.0,dung,31.5343,dữ liệu thật: test trùng byte với template (leakage)
xuong_04.wav,xuong,xuong,xuong,0.0,dung,29.6874,dữ liệu thật: test trùng byte với template (leakage)
xuong_05.wav,xuong,xuong,xuong,0.0,dung,29.6874,dữ liệu thật: test trùng byte với template (leakage)
trai_04.wav,trai,trai,trai,0.0,phai,33.4248,dữ liệu thật: test trùng byte với template (leakage)
trai_05.wav,trai,trai,trai,0.0,phai,33.4248,dữ liệu thật: test trùng byte với template (leakage)
phai_04.wav,phai,phai,phai,0.0,trai,33.4248,dữ liệu thật: test trùng byte với template (leakage)
phai_05.wav,phai,phai,phai,0.0,trai,33.4248,dữ liệu thật: test trùng byte với template (leakage)
dung_04.wav,dung,dung,dung,0.0,xuong,29.6874,dữ liệu thật: test trùng byte với template (leakage)
dung_05.wav,dung,dung,dung,0.0,xuong,29.6874,dữ liệu thật: test trùng byte với template (leakage)
